-- MySQL dump 10.13  Distrib 8.0.33, for Win64 (x86_64)
--
-- Host: 127.0.0.1    Database: ims
-- ------------------------------------------------------
-- Server version	8.0.33

/*!40101 SET @OLD_CHARACTER_SET_CLIENT=@@CHARACTER_SET_CLIENT */;
/*!40101 SET @OLD_CHARACTER_SET_RESULTS=@@CHARACTER_SET_RESULTS */;
/*!40101 SET @OLD_COLLATION_CONNECTION=@@COLLATION_CONNECTION */;
/*!50503 SET NAMES utf8mb4 */;
/*!40103 SET @OLD_TIME_ZONE=@@TIME_ZONE */;
/*!40103 SET TIME_ZONE='+00:00' */;
/*!40014 SET @OLD_UNIQUE_CHECKS=@@UNIQUE_CHECKS, UNIQUE_CHECKS=0 */;
/*!40014 SET @OLD_FOREIGN_KEY_CHECKS=@@FOREIGN_KEY_CHECKS, FOREIGN_KEY_CHECKS=0 */;
/*!40101 SET @OLD_SQL_MODE=@@SQL_MODE, SQL_MODE='NO_AUTO_VALUE_ON_ZERO' */;
/*!40111 SET @OLD_SQL_NOTES=@@SQL_NOTES, SQL_NOTES=0 */;

--
-- Table structure for table `point`
--

DROP TABLE IF EXISTS `point`;
/*!40101 SET @saved_cs_client     = @@character_set_client */;
/*!50503 SET character_set_client = utf8mb4 */;
CREATE TABLE `point` (
  `id` int NOT NULL AUTO_INCREMENT COMMENT '积分表',
  `grow_score` int NOT NULL COMMENT '成长积分',
  `exchange_score` int NOT NULL COMMENT '可兑换积分',
  `total_score` int NOT NULL COMMENT '总积分',
  `rate` varchar(10) DEFAULT NULL COMMENT '等级',
  `exchange_time` datetime DEFAULT NULL COMMENT '积分兑换时间',
  PRIMARY KEY (`id`)
) ENGINE=InnoDB AUTO_INCREMENT=101 DEFAULT CHARSET=utf8mb3 COMMENT='积分表';
/*!40101 SET character_set_client = @saved_cs_client */;

--
-- Dumping data for table `point`
--

LOCK TABLES `point` WRITE;
/*!40000 ALTER TABLE `point` DISABLE KEYS */;
INSERT INTO `point` VALUES (1,10,17,27,'A','2022-10-28 15:31:36'),(2,58,40,98,'A','2022-07-28 15:31:36'),(3,24,1,25,'B','2022-12-12 15:31:36'),(4,34,66,100,'A','2022-08-03 15:31:36'),(5,31,56,87,'A','2022-08-27 15:31:36'),(6,87,68,155,'A','2023-01-24 15:31:36'),(7,80,95,175,'A','2022-12-05 15:31:36'),(8,35,92,127,'A','2023-01-04 15:31:36'),(9,53,91,144,'A','2022-10-26 15:31:36'),(10,98,17,115,'A','2022-08-18 15:31:36'),(11,93,13,106,'A','2023-04-02 15:31:36'),(12,87,97,184,'A','2022-12-05 15:31:36'),(13,24,28,52,'A','2022-06-15 15:31:36'),(14,69,60,129,'A','2023-01-15 15:31:36'),(15,96,0,96,'A','2023-05-29 15:31:36'),(16,13,66,79,'A','2022-06-22 15:31:36'),(17,92,64,156,'A','2022-09-14 15:31:36'),(18,41,14,55,'A','2022-08-30 15:31:36'),(19,50,7,57,'A','2022-10-07 15:31:36'),(20,86,10,96,'A','2023-05-26 15:31:36'),(21,92,32,124,'A','2023-04-05 15:31:36'),(22,84,26,110,'A','2022-08-28 15:31:36'),(23,77,6,83,'A','2023-01-27 15:31:36'),(24,1,89,90,'A','2022-12-16 15:31:36'),(25,39,31,70,'A','2023-02-15 15:31:36'),(26,40,5,45,'A','2023-04-25 15:31:36'),(27,6,14,20,'B','2022-10-04 15:31:36'),(28,55,31,86,'A','2023-05-28 15:31:36'),(29,93,71,164,'A','2023-04-26 15:31:36'),(30,75,64,139,'A','2022-12-07 15:31:36'),(31,97,92,189,'A','2023-04-11 15:31:36'),(32,70,74,144,'A','2023-02-21 15:31:36'),(33,62,88,150,'A','2022-06-10 15:31:36'),(34,52,99,151,'A','2023-05-01 15:31:36'),(35,41,6,47,'A','2022-11-26 15:31:36'),(36,7,19,26,'A','2023-01-31 15:31:36'),(37,75,19,94,'A','2023-04-10 15:31:36'),(38,71,99,170,'A','2022-09-01 15:31:36'),(39,80,3,83,'A','2023-02-01 15:31:36'),(40,78,81,159,'A','2022-12-27 15:31:36'),(41,73,22,95,'A','2023-04-01 15:31:36'),(42,92,94,186,'A','2022-10-30 15:31:36'),(43,95,91,186,'A','2022-12-19 15:31:36'),(44,72,89,161,'A','2022-11-27 15:31:36'),(45,27,71,98,'A','2023-03-12 15:31:36'),(46,76,64,140,'A','2022-10-21 15:31:36'),(47,92,70,162,'A','2023-01-04 15:31:36'),(48,76,69,145,'A','2023-03-12 15:31:36'),(49,16,74,90,'A','2022-07-01 15:31:36'),(50,21,87,108,'A','2022-06-23 15:31:36'),(51,70,92,162,'A','2022-06-10 15:31:36'),(52,48,65,113,'A','2023-05-05 15:31:36'),(53,84,22,106,'A','2022-12-13 15:31:36'),(54,61,39,100,'A','2023-04-14 15:31:36'),(55,11,38,49,'A','2023-02-19 15:31:36'),(56,57,71,128,'A','2023-05-22 15:31:36'),(57,87,19,106,'A','2023-02-03 15:31:36'),(58,38,32,70,'A','2022-11-08 15:31:36'),(59,45,32,77,'A','2022-07-21 15:31:36'),(60,27,36,63,'A','2022-10-06 15:31:36'),(61,0,93,93,'A','2022-09-20 15:31:36'),(62,66,49,115,'A','2022-11-13 15:31:36'),(63,51,7,58,'A','2022-09-27 15:31:36'),(64,84,0,84,'A','2022-08-28 15:31:36'),(65,49,44,93,'A','2022-08-19 15:31:36'),(66,75,42,117,'A','2022-09-29 15:31:36'),(67,84,96,180,'A','2023-05-24 15:31:36'),(68,27,50,77,'A','2023-04-17 15:31:36'),(69,70,99,169,'A','2022-11-06 15:31:36'),(70,85,30,115,'A','2022-12-02 15:31:36'),(71,93,77,170,'A','2022-08-13 15:31:36'),(72,5,97,102,'A','2022-11-18 15:31:36'),(73,71,65,136,'A','2023-02-12 15:31:36'),(74,13,68,81,'A','2022-07-04 15:31:36'),(75,3,10,13,'B','2022-09-25 15:31:36'),(76,43,86,129,'A','2022-09-19 15:31:36'),(77,1,48,49,'A','2022-12-11 15:31:36'),(78,37,41,78,'A','2023-02-15 15:31:36'),(79,95,51,146,'A','2023-05-12 15:31:36'),(80,70,98,168,'A','2022-12-28 15:31:36'),(81,79,2,81,'A','2023-06-07 15:31:36'),(82,74,63,137,'A','2022-09-30 15:31:36'),(83,95,87,182,'A','2023-01-01 15:31:36'),(84,51,94,145,'A','2023-05-02 15:31:36'),(85,16,99,115,'A','2023-03-20 15:31:36'),(86,50,51,101,'A','2022-08-21 15:31:36'),(87,7,82,89,'A','2023-02-08 15:31:36'),(88,91,9,100,'A','2023-03-07 15:31:36'),(89,72,33,105,'A','2023-02-19 15:31:36'),(90,49,49,98,'A','2022-09-17 15:31:36'),(91,98,44,142,'A','2022-09-15 15:31:36'),(92,25,94,119,'A','2022-12-15 15:31:36'),(93,95,93,188,'A','2023-03-20 15:31:36'),(94,82,29,111,'A','2022-10-11 15:31:36'),(95,2,22,24,'B','2022-10-19 15:31:36'),(96,6,62,68,'A','2023-03-22 15:31:36'),(97,95,88,183,'A','2023-04-11 15:31:36'),(98,57,21,78,'A','2023-04-09 15:31:36'),(99,33,5,38,'A','2023-02-01 15:31:36'),(100,24,7,31,'A','2023-03-09 15:31:36');
/*!40000 ALTER TABLE `point` ENABLE KEYS */;
UNLOCK TABLES;

--
-- Table structure for table `record`
--

DROP TABLE IF EXISTS `record`;
/*!40101 SET @saved_cs_client     = @@character_set_client */;
/*!50503 SET character_set_client = utf8mb4 */;
CREATE TABLE `record` (
  `id` int NOT NULL AUTO_INCREMENT COMMENT '记录表',
  `bfz_num` int NOT NULL COMMENT '并发症记录',
  `bfz_time` datetime DEFAULT NULL COMMENT '并发症登记时间',
  `bloodsuger_time` int NOT NULL COMMENT '血糖监测次数',
  `yd_num` int NOT NULL COMMENT '胰岛监测次数',
  `yd_time` datetime DEFAULT NULL COMMENT '胰岛监测时间',
  `extended_activity_time` int NOT NULL COMMENT '扩展活动次数',
  `research_num` int NOT NULL COMMENT '科研活动次数',
  `followup_num` int NOT NULL COMMENT '门诊随访',
  `evaluate_num` int NOT NULL COMMENT '评估报告次数',
  PRIMARY KEY (`id`)
) ENGINE=InnoDB AUTO_INCREMENT=101 DEFAULT CHARSET=utf8mb3 COMMENT='记录表';
/*!40101 SET character_set_client = @saved_cs_client */;

--
-- Dumping data for table `record`
--

LOCK TABLES `record` WRITE;
/*!40000 ALTER TABLE `record` DISABLE KEYS */;
INSERT INTO `record` VALUES (1,3,'2022-06-16 15:52:04',9,5,'2022-08-17 15:52:04',6,5,6,4),(2,3,'2023-01-23 15:52:04',10,6,'2023-05-15 15:52:04',6,9,4,7),(3,9,'2022-12-22 15:52:04',7,0,'2023-04-10 15:52:04',7,10,7,5),(4,5,'2022-06-17 15:52:04',4,1,'2023-03-11 15:52:04',10,0,4,8),(5,8,'2022-10-05 15:52:04',10,7,'2022-09-22 15:52:04',4,0,9,1),(6,0,'2022-08-27 15:52:04',9,10,'2023-05-02 15:52:04',7,3,2,4),(7,2,'2022-08-01 15:52:04',7,8,'2022-08-14 15:52:04',8,6,4,5),(8,1,'2023-04-24 15:52:04',3,0,'2023-03-06 15:52:04',2,4,5,0),(9,9,'2023-03-24 15:52:04',4,5,'2023-05-16 15:52:04',10,5,8,1),(10,6,'2022-10-20 15:52:04',3,6,'2022-07-14 15:52:04',9,6,2,7),(11,5,'2023-02-09 15:52:04',2,3,'2022-06-26 15:52:04',7,8,5,2),(12,8,'2023-02-19 15:52:04',0,5,'2023-04-27 15:52:04',2,6,3,9),(13,4,'2022-11-14 15:52:04',5,9,'2022-09-16 15:52:04',0,2,10,1),(14,7,'2023-05-04 15:52:04',4,8,'2022-08-22 15:52:04',6,3,1,6),(15,6,'2023-03-10 15:52:04',4,3,'2023-01-07 15:52:04',1,2,8,2),(16,0,'2023-03-10 15:52:04',2,3,'2022-07-07 15:52:04',7,7,1,10),(17,1,'2023-05-30 15:52:04',7,1,'2022-10-13 15:52:04',10,7,6,1),(18,7,'2022-07-17 15:52:04',6,0,'2022-09-17 15:52:04',4,9,10,4),(19,0,'2023-05-15 15:52:04',1,7,'2022-06-25 15:52:04',7,6,7,8),(20,10,'2023-02-22 15:52:04',7,4,'2023-06-07 15:52:04',9,2,7,6),(21,10,'2022-07-27 15:52:04',6,3,'2022-10-18 15:52:04',4,0,10,9),(22,3,'2022-06-15 15:52:04',10,0,'2023-05-07 15:52:04',4,8,8,5),(23,0,'2022-07-15 15:52:04',3,8,'2023-05-09 15:52:04',0,10,6,3),(24,7,'2022-12-16 15:52:04',3,3,'2023-02-01 15:52:04',10,6,2,4),(25,3,'2022-12-14 15:52:04',4,5,'2023-04-19 15:52:04',3,2,0,8),(26,7,'2023-05-25 15:52:04',1,7,'2023-05-27 15:52:04',0,2,8,5),(27,9,'2022-06-27 15:52:04',1,10,'2023-04-13 15:52:04',0,6,9,6),(28,2,'2023-01-20 15:52:04',3,3,'2022-10-04 15:52:04',5,2,10,0),(29,2,'2023-03-15 15:52:04',4,1,'2022-09-30 15:52:04',10,8,9,2),(30,2,'2022-09-27 15:52:04',8,7,'2022-06-22 15:52:04',9,6,3,10),(31,8,'2022-06-11 15:52:04',6,1,'2022-07-07 15:52:04',1,9,0,5),(32,2,'2022-08-11 15:52:04',4,6,'2022-10-06 15:52:04',6,1,6,9),(33,4,'2023-01-05 15:52:04',10,3,'2022-07-10 15:52:04',6,1,9,10),(34,2,'2023-04-15 15:52:04',1,2,'2022-07-24 15:52:04',6,4,1,5),(35,1,'2023-03-30 15:52:04',5,1,'2023-06-03 15:52:04',7,4,0,0),(36,10,'2022-11-10 15:52:04',1,8,'2022-11-07 15:52:04',6,2,5,7),(37,10,'2022-11-23 15:52:04',10,2,'2023-03-28 15:52:04',3,0,4,7),(38,3,'2022-09-30 15:52:04',4,8,'2022-07-15 15:52:04',1,8,6,4),(39,6,'2022-11-03 15:52:04',2,4,'2023-04-20 15:52:04',6,5,9,6),(40,3,'2023-05-10 15:52:04',3,5,'2022-12-06 15:52:04',10,5,3,2),(41,10,'2023-01-23 15:52:04',10,5,'2022-10-24 15:52:04',7,6,10,10),(42,10,'2022-07-25 15:52:04',5,10,'2023-04-24 15:52:04',9,8,4,9),(43,10,'2023-05-05 15:52:04',7,2,'2022-08-04 15:52:04',7,9,1,3),(44,1,'2022-11-07 15:52:04',6,3,'2022-11-19 15:52:04',10,0,4,10),(45,5,'2022-11-25 15:52:04',2,7,'2022-09-27 15:52:04',4,10,5,7),(46,7,'2022-10-31 15:52:04',10,8,'2023-03-11 15:52:04',9,4,5,3),(47,10,'2022-07-13 15:52:04',7,7,'2023-01-31 15:52:04',8,6,10,9),(48,3,'2023-05-24 15:52:04',3,4,'2023-05-17 15:52:04',1,5,10,2),(49,2,'2022-12-14 15:52:04',8,5,'2023-03-04 15:52:04',8,9,2,3),(50,1,'2022-12-07 15:52:04',2,5,'2023-05-29 15:52:04',6,7,10,4),(51,5,'2022-06-28 15:52:04',4,0,'2023-06-05 15:52:04',10,9,5,6),(52,8,'2023-05-14 15:52:04',10,7,'2022-12-15 15:52:04',3,3,6,1),(53,8,'2023-02-16 15:52:04',3,8,'2022-08-15 15:52:04',8,5,10,5),(54,6,'2022-11-20 15:52:04',10,9,'2022-09-24 15:52:04',9,3,7,8),(55,9,'2023-06-08 15:52:04',3,8,'2022-10-01 15:52:04',2,10,0,2),(56,3,'2022-09-28 15:52:04',6,9,'2022-11-07 15:52:04',3,9,3,9),(57,3,'2023-06-05 15:52:04',1,8,'2022-12-06 15:52:04',1,1,4,4),(58,10,'2022-10-25 15:52:04',1,0,'2022-10-26 15:52:04',0,1,8,6),(59,4,'2023-01-14 15:52:04',8,5,'2023-04-14 15:52:04',3,3,4,2),(60,10,'2022-06-24 15:52:04',10,0,'2023-02-04 15:52:04',5,7,7,3),(61,7,'2022-11-20 15:52:04',6,5,'2023-01-08 15:52:04',7,3,4,1),(62,5,'2023-04-10 15:52:04',2,8,'2023-05-16 15:52:04',0,10,9,2),(63,8,'2022-06-15 15:52:04',7,4,'2023-06-07 15:52:04',8,0,9,2),(64,7,'2023-01-07 15:52:04',1,6,'2022-11-26 15:52:04',9,6,5,6),(65,5,'2022-10-10 15:52:04',9,4,'2023-02-16 15:52:04',4,0,10,8),(66,10,'2023-01-02 15:52:04',3,3,'2022-11-27 15:52:04',8,2,10,9),(67,4,'2022-09-07 15:52:04',4,8,'2022-11-05 15:52:04',7,6,0,3),(68,6,'2023-04-29 15:52:04',7,0,'2023-05-29 15:52:04',1,6,4,4),(69,7,'2023-04-16 15:52:04',8,4,'2022-09-07 15:52:04',5,4,3,5),(70,3,'2023-02-20 15:52:04',5,6,'2023-02-20 15:52:04',9,3,0,1),(71,7,'2022-08-05 15:52:04',3,9,'2023-02-12 15:52:04',1,7,10,7),(72,8,'2022-09-07 15:52:04',4,9,'2022-07-14 15:52:04',0,4,1,2),(73,10,'2023-05-13 15:52:04',4,0,'2022-08-13 15:52:04',0,6,10,9),(74,4,'2022-10-13 15:52:04',10,9,'2022-12-12 15:52:04',9,6,7,5),(75,7,'2022-10-28 15:52:04',1,9,'2022-09-27 15:52:04',0,1,5,10),(76,3,'2022-08-16 15:52:04',0,0,'2022-09-08 15:52:04',8,5,2,5),(77,9,'2022-07-23 15:52:04',8,3,'2023-01-12 15:52:04',10,5,8,2),(78,9,'2022-08-16 15:52:04',3,3,'2022-09-27 15:52:04',4,0,0,0),(79,2,'2022-07-20 15:52:04',8,1,'2022-11-21 15:52:04',2,5,10,3),(80,5,'2022-08-18 15:52:04',4,7,'2023-03-14 15:52:04',0,7,3,6),(81,9,'2022-12-21 15:52:04',9,7,'2022-06-12 15:52:04',9,5,8,6),(82,3,'2022-06-14 15:52:04',10,8,'2023-03-29 15:52:04',6,1,1,3),(83,10,'2022-08-12 15:52:04',3,1,'2022-07-13 15:52:04',0,3,4,3),(84,5,'2023-03-02 15:52:04',10,10,'2022-08-17 15:52:04',2,9,6,4),(85,1,'2023-01-18 15:52:04',6,10,'2022-07-17 15:52:04',6,4,1,7),(86,8,'2023-05-20 15:52:04',9,0,'2022-09-08 15:52:04',6,7,6,9),(87,4,'2022-08-28 15:52:04',6,4,'2023-02-23 15:52:04',3,7,3,8),(88,8,'2023-01-16 15:52:04',8,8,'2023-01-27 15:52:04',6,9,6,1),(89,2,'2022-12-12 15:52:04',9,8,'2023-01-24 15:52:04',5,4,6,8),(90,0,'2022-07-12 15:52:04',4,3,'2023-01-06 15:52:04',1,3,2,2),(91,3,'2023-06-08 15:52:04',0,2,'2023-04-01 15:52:04',1,1,1,1),(92,6,'2023-02-01 15:52:04',0,1,'2022-10-21 15:52:04',7,7,2,10),(93,3,'2022-12-16 15:52:04',6,4,'2023-04-02 15:52:04',8,5,0,7),(94,2,'2023-03-23 15:52:04',3,0,'2023-01-19 15:52:04',7,2,2,4),(95,2,'2023-05-31 15:52:04',4,0,'2022-08-14 15:52:04',0,9,10,3),(96,7,'2023-02-22 15:52:04',6,9,'2022-09-14 15:52:04',0,10,9,2),(97,4,'2022-11-15 15:52:04',6,1,'2022-07-17 15:52:04',1,10,5,4),(98,8,'2022-10-04 15:52:04',10,10,'2022-10-08 15:52:04',6,8,1,4),(99,5,'2022-12-13 15:52:04',9,8,'2022-12-17 15:52:04',10,4,1,4),(100,5,'2023-01-09 15:52:04',6,6,'2023-04-11 15:52:04',1,0,8,8);
/*!40000 ALTER TABLE `record` ENABLE KEYS */;
UNLOCK TABLES;

--
-- Table structure for table `user`
--

DROP TABLE IF EXISTS `user`;
/*!40101 SET @saved_cs_client     = @@character_set_client */;
/*!50503 SET character_set_client = utf8mb4 */;
CREATE TABLE `user` (
  `id` int NOT NULL AUTO_INCREMENT COMMENT '用户id',
  `username` varchar(50) NOT NULL COMMENT '用户名',
  `password` int NOT NULL COMMENT '密码',
  `userprofile_id` int DEFAULT NULL COMMENT '用户信息id',
  `point_id` int DEFAULT NULL COMMENT '积分表id',
  `lastlogin_time` datetime DEFAULT NULL COMMENT '最后登录时间',
  `register_time` datetime DEFAULT NULL COMMENT '注册时间',
  `record_id` int DEFAULT NULL COMMENT '记录表',
  PRIMARY KEY (`id`),
  KEY `user_point_id_fk` (`point_id`),
  KEY `user_record_id_fk` (`record_id`),
  KEY `user_userprofile_id_fk` (`userprofile_id`),
  CONSTRAINT `user_point_id_fk` FOREIGN KEY (`point_id`) REFERENCES `point` (`id`),
  CONSTRAINT `user_record_id_fk` FOREIGN KEY (`record_id`) REFERENCES `record` (`id`),
  CONSTRAINT `user_userprofile_id_fk` FOREIGN KEY (`userprofile_id`) REFERENCES `userprofile` (`id`)
) ENGINE=InnoDB AUTO_INCREMENT=101 DEFAULT CHARSET=utf8mb3;
/*!40101 SET character_set_client = @saved_cs_client */;

--
-- Dumping data for table `user`
--

LOCK TABLES `user` WRITE;
/*!40000 ALTER TABLE `user` DISABLE KEYS */;
INSERT INTO `user` VALUES (1,'user1',982110,15,55,'2022-11-19 00:00:00','2022-06-19 00:00:00',7),(2,'user2',677994,35,1,'2022-12-30 00:00:00','2022-12-10 00:00:00',83),(3,'user3',722596,49,50,'2022-10-15 00:00:00','2022-10-10 00:00:00',29),(4,'user4',501891,76,19,'2022-03-11 00:00:00','2022-06-11 00:00:00',1),(5,'user5',641200,6,80,'2022-11-18 00:00:00','2022-06-24 00:00:00',28),(6,'user6',744958,1,17,'2022-04-18 00:00:00','2022-03-27 00:00:00',41),(7,'user7',284307,79,2,'2022-09-21 00:00:00','2022-10-05 00:00:00',94),(8,'user8',630708,39,12,'2022-11-16 00:00:00','2022-06-25 00:00:00',10),(9,'user9',780404,70,25,'2022-06-17 00:00:00','2022-12-16 00:00:00',66),(10,'user10',403235,93,36,'2022-02-23 00:00:00','2022-07-11 00:00:00',61),(11,'user11',187937,91,91,'2022-05-13 00:00:00','2022-04-01 00:00:00',39),(12,'user12',147646,82,6,'2022-12-31 00:00:00','2022-07-19 00:00:00',26),(13,'user13',737373,61,52,'2022-01-18 00:00:00','2022-01-11 00:00:00',13),(14,'user14',3413,83,4,'2022-12-05 00:00:00','2022-08-18 00:00:00',64),(15,'user15',364027,9,45,'2022-12-06 00:00:00','2022-07-26 00:00:00',6),(16,'user16',30038,16,16,'2022-06-16 00:00:00','2022-03-10 00:00:00',85),(17,'user17',574365,10,76,'2022-04-23 00:00:00','2022-10-24 00:00:00',17),(18,'user18',138216,5,13,'2022-04-04 00:00:00','2022-11-12 00:00:00',100),(19,'user19',549481,31,99,'2022-02-27 00:00:00','2022-02-21 00:00:00',32),(20,'user20',226693,25,26,'2022-09-18 00:00:00','2022-11-21 00:00:00',34),(21,'user21',299491,13,21,'2022-11-01 00:00:00','2022-04-08 00:00:00',30),(22,'user22',838563,21,75,'2022-05-23 00:00:00','2022-06-08 00:00:00',76),(23,'user23',998855,8,92,'2022-09-11 00:00:00','2022-06-21 00:00:00',43),(24,'user24',267209,27,89,'2022-12-05 00:00:00','2022-11-02 00:00:00',91),(25,'user25',407665,47,53,'2022-07-11 00:00:00','2022-05-24 00:00:00',95),(26,'user26',398606,100,35,'2022-10-24 00:00:00','2022-11-12 00:00:00',9),(27,'user27',881522,63,77,'2022-10-26 00:00:00','2022-06-11 00:00:00',12),(28,'user28',759451,4,14,'2022-06-21 00:00:00','2022-01-27 00:00:00',45),(29,'user29',954983,59,63,'2022-07-22 00:00:00','2022-11-29 00:00:00',74),(30,'user30',893501,14,28,'2022-09-25 00:00:00','2022-12-24 00:00:00',4),(31,'user31',695567,90,31,'2022-07-18 00:00:00','2022-08-19 00:00:00',97),(32,'user32',520889,62,39,'2022-09-18 00:00:00','2022-01-03 00:00:00',62),(33,'user33',890792,50,87,'2022-06-08 00:00:00','2022-07-02 00:00:00',59),(34,'user34',199369,69,72,'2022-06-30 00:00:00','2022-11-16 00:00:00',52),(35,'user35',898213,56,24,'2022-11-11 00:00:00','2022-08-12 00:00:00',54),(36,'user36',474074,55,67,'2022-07-15 00:00:00','2022-04-04 00:00:00',11),(37,'user37',674175,80,59,'2022-08-08 00:00:00','2022-12-27 00:00:00',15),(38,'user38',134005,84,5,'2022-09-15 00:00:00','2022-02-16 00:00:00',14),(39,'user39',517722,71,74,'2022-03-17 00:00:00','2022-06-26 00:00:00',49),(40,'user40',799623,97,68,'2022-07-18 00:00:00','2022-04-29 00:00:00',71),(41,'user41',991364,95,79,'2022-12-25 00:00:00','2022-12-07 00:00:00',70),(42,'user42',719325,46,22,'2022-10-19 00:00:00','2022-11-01 00:00:00',47),(43,'user43',779235,33,30,'2022-05-23 00:00:00','2022-08-14 00:00:00',56),(44,'user44',917062,87,48,'2022-09-24 00:00:00','2022-11-26 00:00:00',5),(45,'user45',325609,23,51,'2022-12-01 00:00:00','2022-08-10 00:00:00',68),(46,'user46',288099,11,81,'2022-08-14 00:00:00','2022-03-22 00:00:00',48),(47,'user47',256471,28,94,'2022-08-14 00:00:00','2022-04-27 00:00:00',65),(48,'user48',739049,24,78,'2022-09-28 00:00:00','2022-06-26 00:00:00',8),(49,'user49',199194,38,65,'2022-07-18 00:00:00','2022-02-14 00:00:00',37),(50,'user50',981228,89,27,'2022-07-16 00:00:00','2022-09-30 00:00:00',20),(51,'user51',120010,96,3,'2022-05-12 00:00:00','2022-06-09 00:00:00',16),(52,'user52',107681,41,42,'2022-03-24 00:00:00','2022-10-23 00:00:00',93),(53,'user53',374260,54,70,'2022-06-10 00:00:00','2022-01-26 00:00:00',82),(54,'user54',33402,94,98,'2022-12-16 00:00:00','2022-09-09 00:00:00',58),(55,'user55',567164,64,66,'2022-10-09 00:00:00','2022-02-27 00:00:00',21),(56,'user56',471286,98,32,'2022-11-19 00:00:00','2022-01-04 00:00:00',84),(57,'user57',389510,26,33,'2022-12-03 00:00:00','2022-06-10 00:00:00',81),(58,'user58',436067,36,56,'2022-11-10 00:00:00','2022-12-28 00:00:00',3),(59,'user59',368640,99,37,'2022-11-16 00:00:00','2022-04-08 00:00:00',89),(60,'user60',717446,2,64,'2022-10-13 00:00:00','2022-10-04 00:00:00',57),(61,'user61',442439,73,20,'2022-12-09 00:00:00','2022-05-15 00:00:00',42),(62,'user62',24135,85,54,'2022-01-06 00:00:00','2022-01-03 00:00:00',90),(63,'user63',984953,22,9,'2022-11-27 00:00:00','2022-07-28 00:00:00',40),(64,'user64',144601,68,58,'2022-01-03 00:00:00','2022-08-07 00:00:00',75),(65,'user65',974373,44,40,'2022-01-28 00:00:00','2022-06-15 00:00:00',27),(66,'user66',45657,78,88,'2022-11-12 00:00:00','2022-03-10 00:00:00',63),(67,'user67',344485,7,57,'2022-02-27 00:00:00','2022-10-05 00:00:00',92),(68,'user68',326117,45,38,'2022-05-08 00:00:00','2022-10-07 00:00:00',72),(69,'user69',788278,19,69,'2022-08-22 00:00:00','2022-11-01 00:00:00',24),(70,'user70',257120,92,29,'2022-10-12 00:00:00','2022-02-15 00:00:00',80),(71,'user71',286135,66,100,'2022-01-21 00:00:00','2022-06-04 00:00:00',25),(72,'user72',948596,74,11,'2022-06-22 00:00:00','2022-07-08 00:00:00',96),(73,'user73',162098,30,73,'2022-04-07 00:00:00','2022-10-30 00:00:00',19),(74,'user74',355738,77,15,'2022-04-17 00:00:00','2022-05-23 00:00:00',44),(75,'user75',82433,72,23,'2022-03-28 00:00:00','2022-12-10 00:00:00',33),(76,'user76',989749,88,60,'2022-02-16 00:00:00','2022-09-01 00:00:00',18),(77,'user77',954258,51,96,'2022-10-08 00:00:00','2022-12-26 00:00:00',69),(78,'user78',617448,53,71,'2022-02-17 00:00:00','2022-10-21 00:00:00',50),(79,'user79',630883,32,58,'2022-09-27 00:00:00','2022-10-21 00:00:00',31),(80,'user80',799592,3,90,'2022-08-03 00:00:00','2022-07-16 00:00:00',2),(81,'user81',933554,52,44,'2022-01-19 00:00:00','2022-06-13 00:00:00',67),(82,'user82',95346,60,7,'2022-02-17 00:00:00','2022-05-13 00:00:00',22),(83,'user83',421725,57,84,'2022-01-09 00:00:00','2022-11-05 00:00:00',46),(84,'user84',163660,75,34,'2022-04-13 00:00:00','2022-11-28 00:00:00',60),(85,'user85',706300,20,86,'2022-10-21 00:00:00','2022-11-25 00:00:00',87),(86,'user86',85199,29,47,'2022-09-23 00:00:00','2022-05-21 00:00:00',51),(87,'user87',745822,37,62,'2022-07-28 00:00:00','2022-08-13 00:00:00',38),(88,'user88',365400,86,46,'2022-12-24 00:00:00','2022-10-22 00:00:00',36),(89,'user89',94822,18,93,'2022-01-19 00:00:00','2022-12-22 00:00:00',88),(90,'user90',719970,43,8,'2022-09-04 00:00:00','2022-03-19 00:00:00',79),(91,'user91',37428,65,10,'2022-07-21 00:00:00','2022-08-23 00:00:00',73),(92,'user92',555057,81,83,'2022-11-07 00:00:00','2022-08-04 00:00:00',78),(93,'user93',394004,34,82,'2022-03-15 00:00:00','2022-10-30 00:00:00',99),(94,'user94',533783,17,85,'2022-03-09 00:00:00','2022-04-29 00:00:00',86),(95,'user95',64538,42,97,'2022-05-09 00:00:00','2022-07-24 00:00:00',53),(96,'user96',750925,12,49,'2022-01-27 00:00:00','2022-02-10 00:00:00',55),(97,'user97',331472,67,41,'2022-04-30 00:00:00','2022-08-24 00:00:00',77),(98,'user98',242802,48,18,'2022-04-12 00:00:00','2022-08-30 00:00:00',23),(99,'user99',474452,58,61,'2022-05-22 00:00:00','2022-07-07 00:00:00',98),(100,'user100',400551,40,95,'2022-06-19 00:00:00','2022-02-16 00:00:00',35);
/*!40000 ALTER TABLE `user` ENABLE KEYS */;
UNLOCK TABLES;

--
-- Table structure for table `userprofile`
--

DROP TABLE IF EXISTS `userprofile`;
/*!40101 SET @saved_cs_client     = @@character_set_client */;
/*!50503 SET character_set_client = utf8mb4 */;
CREATE TABLE `userprofile` (
  `id` int NOT NULL AUTO_INCREMENT COMMENT '用户信息表id',
  `name` varchar(10) DEFAULT NULL COMMENT '姓名',
  `sex` varchar(10) DEFAULT NULL COMMENT '性别',
  `email` varchar(50) DEFAULT NULL COMMENT '邮箱',
  `birthday` date DEFAULT NULL COMMENT '生日',
  PRIMARY KEY (`id`)
) ENGINE=InnoDB AUTO_INCREMENT=101 DEFAULT CHARSET=utf8mb3 COMMENT='用户信息';
/*!40101 SET character_set_client = @saved_cs_client */;

--
-- Dumping data for table `userprofile`
--

LOCK TABLES `userprofile` WRITE;
/*!40000 ALTER TABLE `userprofile` DISABLE KEYS */;
INSERT INTO `userprofile` VALUES (1,'user1','Female','email001@example.com','2007-10-05'),(2,'user2','Female','email002@example.com','1995-03-11'),(3,'user3','Male','email003@example.com','2017-08-01'),(4,'user4','Male','email004@example.com','2016-07-19'),(5,'user5','Male','email005@example.com','2005-02-26'),(6,'user6','Female','email006@example.com','2007-11-27'),(7,'user7','Female','email007@example.com','2012-10-03'),(8,'user8','Female','email008@example.com','2020-03-27'),(9,'user9','Male','email009@example.com','1998-10-06'),(10,'user10','Male','email010@example.com','2003-02-22'),(11,'user11','Male','email011@example.com','2009-10-19'),(12,'user12','Male','email012@example.com','2006-12-05'),(13,'user13','Female','email013@example.com','2012-05-20'),(14,'user14','Male','email014@example.com','2021-12-09'),(15,'user15','Male','email015@example.com','2004-07-07'),(16,'user16','Female','email016@example.com','2007-03-03'),(17,'user17','Female','email017@example.com','2004-07-14'),(18,'user18','Male','email018@example.com','2020-07-16'),(19,'user19','Female','email019@example.com','2018-08-07'),(20,'user20','Male','email020@example.com','2017-07-23'),(21,'user21','Female','email021@example.com','2015-03-23'),(22,'user22','Female','email022@example.com','2010-03-15'),(23,'user23','Male','email023@example.com','1995-10-09'),(24,'user24','Female','email024@example.com','2006-08-17'),(25,'user25','Male','email025@example.com','2013-01-01'),(26,'user26','Male','email026@example.com','2006-06-05'),(27,'user27','Male','email027@example.com','2004-01-07'),(28,'user28','Female','email028@example.com','2017-05-16'),(29,'user29','Female','email029@example.com','2023-01-05'),(30,'user30','Male','email030@example.com','2010-01-05'),(31,'user31','Female','email031@example.com','2012-01-14'),(32,'user32','Female','email032@example.com','2017-07-22'),(33,'user33','Female','email033@example.com','2014-04-19'),(34,'user34','Female','email034@example.com','2022-08-16'),(35,'user35','Male','email035@example.com','2000-04-17'),(36,'user36','Female','email036@example.com','2010-09-20'),(37,'user37','Female','email037@example.com','2020-01-26'),(38,'user38','Female','email038@example.com','2013-12-12'),(39,'user39','Female','email039@example.com','2023-04-21'),(40,'user40','Female','email040@example.com','2016-05-01'),(41,'user41','Male','email041@example.com','2009-08-03'),(42,'user42','Female','email042@example.com','2004-02-14'),(43,'user43','Male','email043@example.com','2020-11-30'),(44,'user44','Male','email044@example.com','1999-06-07'),(45,'user45','Male','email045@example.com','2009-09-30'),(46,'user46','Male','email046@example.com','2009-05-09'),(47,'user47','Female','email047@example.com','1998-12-23'),(48,'user48','Female','email048@example.com','2015-03-16'),(49,'user49','Female','email049@example.com','1997-03-21'),(50,'user50','Male','email050@example.com','2019-01-31'),(51,'user51','Male','email051@example.com','1996-10-21'),(52,'user52','Female','email052@example.com','2006-04-23'),(53,'user53','Female','email053@example.com','1997-08-11'),(54,'user54','Female','email054@example.com','2016-09-02'),(55,'user55','Male','email055@example.com','2007-05-25'),(56,'user56','Male','email056@example.com','2019-05-13'),(57,'user57','Female','email057@example.com','2000-06-13'),(58,'user58','Female','email058@example.com','2013-01-24'),(59,'user59','Female','email059@example.com','2003-04-11'),(60,'user60','Female','email060@example.com','2003-07-11'),(61,'user61','Female','email061@example.com','2006-06-02'),(62,'user62','Female','email062@example.com','1999-03-23'),(63,'user63','Female','email063@example.com','2016-04-20'),(64,'user64','Male','email064@example.com','2015-11-13'),(65,'user65','Male','email065@example.com','2003-09-30'),(66,'user66','Male','email066@example.com','2017-03-23'),(67,'user67','Female','email067@example.com','2022-08-30'),(68,'user68','Male','email068@example.com','2004-08-18'),(69,'user69','Male','email069@example.com','2002-11-14'),(70,'user70','Male','email070@example.com','2011-10-16'),(71,'user71','Female','email071@example.com','2017-03-14'),(72,'user72','Male','email072@example.com','2009-09-22'),(73,'user73','Male','email073@example.com','1998-12-12'),(74,'user74','Male','email074@example.com','2011-04-08'),(75,'user75','Female','email075@example.com','2012-08-10'),(76,'user76','Male','email076@example.com','2017-02-27'),(77,'user77','Female','email077@example.com','2001-07-30'),(78,'user78','Male','email078@example.com','1994-05-18'),(79,'user79','Female','email079@example.com','1997-10-23'),(80,'user80','Male','email080@example.com','2007-11-28'),(81,'user81','Female','email081@example.com','2018-12-16'),(82,'user82','Male','email082@example.com','2018-02-25'),(83,'user83','Female','email083@example.com','2023-04-10'),(84,'user84','Female','email084@example.com','2007-12-07'),(85,'user85','Male','email085@example.com','2000-02-12'),(86,'user86','Female','email086@example.com','2019-08-30'),(87,'user87','Female','email087@example.com','2011-09-02'),(88,'user88','Male','email088@example.com','2013-09-09'),(89,'user89','Female','email089@example.com','2004-02-06'),(90,'user90','Male','email090@example.com','2013-07-21'),(91,'user91','Male','email091@example.com','2009-09-01'),(92,'user92','Female','email092@example.com','2000-08-29'),(93,'user93','Male','email093@example.com','2014-06-01'),(94,'user94','Female','email094@example.com','1997-01-16'),(95,'user95','Female','email095@example.com','2022-11-17'),(96,'user96','Female','email096@example.com','2010-06-29'),(97,'user97','Male','email097@example.com','2022-05-06'),(98,'user98','Female','email098@example.com','1999-03-26'),(99,'user99','Female','email099@example.com','2023-01-18'),(100,'user100','Male','email100@example.com','1994-01-29');
/*!40000 ALTER TABLE `userprofile` ENABLE KEYS */;
UNLOCK TABLES;
/*!40103 SET TIME_ZONE=@OLD_TIME_ZONE */;

/*!40101 SET SQL_MODE=@OLD_SQL_MODE */;
/*!40014 SET FOREIGN_KEY_CHECKS=@OLD_FOREIGN_KEY_CHECKS */;
/*!40014 SET UNIQUE_CHECKS=@OLD_UNIQUE_CHECKS */;
/*!40101 SET CHARACTER_SET_CLIENT=@OLD_CHARACTER_SET_CLIENT */;
/*!40101 SET CHARACTER_SET_RESULTS=@OLD_CHARACTER_SET_RESULTS */;
/*!40101 SET COLLATION_CONNECTION=@OLD_COLLATION_CONNECTION */;
/*!40111 SET SQL_NOTES=@OLD_SQL_NOTES */;

-- Dump completed on 2023-06-09 18:11:04
